{
"title": "Общий кругозор",
"voprosi":[
	{
		"q": "Соседи Земли по Солнечной системе - это...",
		"a": ["Венера, Марс", "Меркурий, Венера", "Юпитер, Сатурн", "Уран, Нептун"],
		"t": 0
	},
	{
		"q": "Кто написал «‎Божественную комедию»?",
		"a": ["Данте Алигьери", "Гомер", "Гёте", "В.И.Ленин"],
		"t": 0
	},
	{
		"q": "Не является чудом света...",
		"a": ["Статуя Зевса", "Александрийский маяк", "Висячие сады Семирамиды", "Тадж-Махал", "Пирамида Хеопса"],
		"t": 2
	},
	{
		"q": "В каком году состоялся первый полет человека в космос?",
		"a": ["1921","1961","1986","1995","2000"],
		"t": 1
	},
	{
		"q": "Сколько элементов в таблице Менделеева?",
		"a": ["90", "102", "118", "130"],
		"t": 2
	},
	{
		"q": "1300 год - это какой век?",
		"a": ["XX", "XII", "XIII", "XIV", "XV"],
		"t": 3
	},
	{
		"q": "Если смешать синий и желтый цвета, то получится...",
		"a": ["Красный", "Зеленый", "Фиолетовый", "Оранжевый", "Коричневый"],
		"t": 1
	},
	{
		"q": "Где находится центр православия?",
		"a": ["Рим", "Париж", "Константинополь", "Иерусалим", "Москва"],
		"t": 2
	},
	{
		"q": "Последовательность нот от До до следующей До называется...",
		"a": ["Аккорд", "Терция", "Тетра", "Октава", "Гамма"],
		"t": 3
	},
	{
		"q": "В каком году была принята Декларации независимости США?",
		"a": ["1637", "1776", "1865", "1919"],
		"t": 1
	}
]}